{"cameraMode":{"drawMode":0,"name":"Shaded","section":"Shading Mode"},"sceneLighting":false,"audioPlay":false,"sceneViewState":{"showFog":true,"showMaterialUpdate":false,"showSkybox":false,"showFlares":true,"showImageEffects":true,"showParticleSystems":true},"in2DMode":false,"pivot":{"x":45.04604721069336,"y":-26.438182830810548,"z":63.45241165161133},"rotation":{"x":0.23843753337860108,"y":0.5002672672271729,"z":-0.14378853142261506,"w":0.8205406665802002},"size":94.68849182128906,"orthographic":false}