{"cameraMode":{"drawMode":0,"name":"Shaded","section":"Shading Mode"},"sceneLighting":false,"audioPlay":false,"sceneViewState":{"showFog":true,"showMaterialUpdate":false,"showSkybox":false,"showFlares":true,"showImageEffects":true,"showParticleSystems":true},"in2DMode":false,"pivot":{"x":19.711538314819337,"y":-112.79080200195313,"z":95.68244934082031},"rotation":{"x":0.4420776069164276,"y":0.10937996953725815,"z":-0.055234264582395557,"w":0.8893447518348694},"size":160.33042907714845,"orthographic":false}