{"cameraMode":{"drawMode":0,"name":"Shaded","section":"Shading Mode"},"sceneLighting":false,"audioPlay":false,"sceneViewState":{"showFog":true,"showMaterialUpdate":false,"showSkybox":false,"showFlares":true,"showImageEffects":true,"showParticleSystems":true},"in2DMode":false,"pivot":{"x":-4.4453125,"y":15.071863174438477,"z":8.029380798339844},"rotation":{"x":-0.005184594076126814,"y":-0.9128586053848267,"z":0.41065865755081179,"w":-0.016071639955043794},"size":9.339640617370606,"orthographic":false}