{"cameraMode":{"drawMode":0,"name":"Shaded","section":"Shading Mode"},"sceneLighting":false,"audioPlay":false,"sceneViewState":{"showFog":true,"showMaterialUpdate":false,"showSkybox":false,"showFlares":true,"showImageEffects":true,"showParticleSystems":true},"in2DMode":false,"pivot":{"x":0.7146692276000977,"y":6.952343940734863,"z":13.761462211608887},"rotation":{"x":-0.3353799879550934,"y":-0.5207332372665405,"z":0.2332482784986496,"w":-0.751186192035675},"size":14.097606658935547,"orthographic":false}