{"cameraMode":{"drawMode":0,"name":"Shaded","section":"Shading Mode"},"sceneLighting":false,"audioPlay":false,"sceneViewState":{"showFog":true,"showMaterialUpdate":false,"showSkybox":false,"showFlares":true,"showImageEffects":true,"showParticleSystems":true},"in2DMode":false,"pivot":{"x":1.2267760038375855,"y":12.076330184936524,"z":-2.1715338230133058},"rotation":{"x":0.4908008873462677,"y":0.11724020540714264,"z":-0.06819010525941849,"w":0.8619219660758972},"size":9.339640617370606,"orthographic":false}