{"cameraMode":{"drawMode":0,"name":"Shaded","section":"Shading Mode"},"sceneLighting":false,"audioPlay":false,"sceneViewState":{"showFog":true,"showMaterialUpdate":false,"showSkybox":false,"showFlares":true,"showImageEffects":true,"showParticleSystems":true},"in2DMode":false,"pivot":{"x":14.426942825317383,"y":-55.16386795043945,"z":93.22144317626953},"rotation":{"x":0.3148387372493744,"y":0.20569069683551789,"z":-0.06963881850242615,"w":0.9243261218070984},"size":116.66973876953125,"orthographic":false}