{"cameraMode":{"drawMode":0,"name":"Shaded","section":"Shading Mode"},"sceneLighting":false,"audioPlay":false,"sceneViewState":{"showFog":true,"showMaterialUpdate":false,"showSkybox":false,"showFlares":true,"showImageEffects":true,"showParticleSystems":true},"in2DMode":false,"pivot":{"x":2.7416558265686037,"y":-3.159660577774048,"z":-6.235536098480225},"rotation":{"x":-0.4750698208808899,"y":-0.5084953308105469,"z":0.41383597254753115,"w":-0.5888158082962036},"size":38.662715911865237,"orthographic":false}