{"cameraMode":{"drawMode":0,"name":"Shaded","section":"Shading Mode"},"sceneLighting":false,"audioPlay":false,"sceneViewState":{"showFog":true,"showMaterialUpdate":false,"showSkybox":false,"showFlares":true,"showImageEffects":true,"showParticleSystems":true},"in2DMode":false,"pivot":{"x":-17.2128963470459,"y":8.31684684753418,"z":11.188307762145996},"rotation":{"x":0.1377822309732437,"y":0.2000345140695572,"z":-0.02801239863038063,"w":0.9701225757598877},"size":9.622486114501954,"orthographic":false}