{"cameraMode":{"drawMode":0,"name":"Shaded","section":"Shading Mode"},"sceneLighting":false,"audioPlay":false,"sceneViewState":{"showFog":true,"showMaterialUpdate":false,"showSkybox":false,"showFlares":true,"showImageEffects":true,"showParticleSystems":true},"in2DMode":false,"pivot":{"x":-5.0727128982543949,"y":0.6558640003204346,"z":1.0182877779006959},"rotation":{"x":-0.3800585865974426,"y":-0.13511905074119569,"z":0.0552060566842556,"w":-0.914086639881134},"size":9.47852897644043,"orthographic":false}