{"cameraMode":{"drawMode":0,"name":"Shaded","section":"Shading Mode"},"sceneLighting":false,"audioPlay":false,"sceneViewState":{"showFog":true,"showMaterialUpdate":false,"showSkybox":false,"showFlares":true,"showImageEffects":true,"showParticleSystems":true},"in2DMode":false,"pivot":{"x":-14.102459907531739,"y":-13.56690788269043,"z":8.733811378479004},"rotation":{"x":0.29792436957359316,"y":-0.5825886726379395,"z":0.24259202182292939,"w":0.7166926860809326},"size":45.67953109741211,"orthographic":false}