{"cameraMode":{"drawMode":0,"name":"Shaded","section":"Shading Mode"},"sceneLighting":true,"audioPlay":false,"sceneViewState":{"showFog":true,"showMaterialUpdate":false,"showSkybox":false,"showFlares":true,"showImageEffects":true,"showParticleSystems":true},"in2DMode":false,"pivot":{"x":5.70831823348999,"y":14.687287330627442,"z":25.56032943725586},"rotation":{"x":-0.25733989477157595,"y":-0.7333161234855652,"z":0.4847072660923004,"w":-0.4050319492816925},"size":14.097606658935547,"orthographic":false}