{"cameraMode":{"drawMode":0,"name":"Shaded","section":"Shading Mode"},"sceneLighting":false,"audioPlay":false,"sceneViewState":{"showFog":true,"showMaterialUpdate":false,"showSkybox":false,"showFlares":true,"showImageEffects":true,"showParticleSystems":true},"in2DMode":false,"pivot":{"x":7.2967119216918949,"y":-1.3673970699310303,"z":0.532360851764679},"rotation":{"x":0.3059641122817993,"y":0.6333047747612,"z":-0.30050909519195559,"w":0.64558345079422},"size":20.873641967773439,"orthographic":false}