{"cameraMode":{"drawMode":0,"name":"Shaded","section":"Shading Mode"},"sceneLighting":false,"audioPlay":false,"sceneViewState":{"showFog":true,"showMaterialUpdate":false,"showSkybox":false,"showFlares":true,"showImageEffects":true,"showParticleSystems":true},"in2DMode":false,"pivot":{"x":-19.819908142089845,"y":-59.800025939941409,"z":37.795570373535159},"rotation":{"x":-0.36794406175613406,"y":-0.521139919757843,"z":0.2645462453365326,"w":-0.7238236665725708},"size":128.40151977539063,"orthographic":false}