{"cameraMode":{"drawMode":0,"name":"Shaded","section":"Shading Mode"},"sceneLighting":false,"audioPlay":false,"sceneViewState":{"showFog":true,"showMaterialUpdate":false,"showSkybox":false,"showFlares":true,"showImageEffects":true,"showParticleSystems":true},"in2DMode":false,"pivot":{"x":-4.1144280433654789,"y":12.798948287963868,"z":5.634403228759766},"rotation":{"x":-0.20541270077228547,"y":-0.6557219624519348,"z":0.1912582963705063,"w":-0.7013397216796875},"size":13.118277549743653,"orthographic":false}