{"cameraMode":{"drawMode":0,"name":"Shaded","section":"Shading Mode"},"sceneLighting":false,"audioPlay":false,"sceneViewState":{"showFog":true,"showMaterialUpdate":false,"showSkybox":false,"showFlares":true,"showImageEffects":true,"showParticleSystems":true},"in2DMode":false,"pivot":{"x":-14.523005485534668,"y":33.985721588134769,"z":105.99073028564453},"rotation":{"x":-0.41545116901397707,"y":0.5335545539855957,"z":-0.3396624028682709,"w":-0.6545287370681763},"size":39.39322280883789,"orthographic":false}