{"cameraMode":{"drawMode":0,"name":"Shaded","section":"Shading Mode"},"sceneLighting":false,"audioPlay":false,"sceneViewState":{"showFog":true,"showMaterialUpdate":false,"showSkybox":false,"showFlares":true,"showImageEffects":true,"showParticleSystems":true},"in2DMode":false,"pivot":{"x":31.38098907470703,"y":-13.96363353729248,"z":37.12383270263672},"rotation":{"x":0.5056689977645874,"y":0.04400181025266647,"z":-0.02543514035642147,"w":0.8616176247596741},"size":59.51447296142578,"orthographic":false}