{"cameraMode":{"drawMode":0,"name":"Shaded","section":"Shading Mode"},"sceneLighting":false,"audioPlay":false,"sceneViewState":{"showFog":true,"showMaterialUpdate":false,"showSkybox":false,"showFlares":true,"showImageEffects":true,"showParticleSystems":true},"in2DMode":false,"pivot":{"x":74.5353012084961,"y":-32.798118591308597,"z":-25.48111343383789},"rotation":{"x":-0.10458932816982269,"y":-0.8951151967048645,"z":0.28536415100097659,"w":-0.3272353708744049},"size":88.44415283203125,"orthographic":false}