{"cameraMode":{"drawMode":0,"name":"Shaded","section":"Shading Mode"},"sceneLighting":false,"audioPlay":false,"sceneViewState":{"showFog":true,"showMaterialUpdate":false,"showSkybox":false,"showFlares":true,"showImageEffects":true,"showParticleSystems":true},"in2DMode":false,"pivot":{"x":1.1705061197280884,"y":2.930098533630371,"z":14.116796493530274},"rotation":{"x":-0.3149375319480896,"y":-0.6328972578048706,"z":0.3132058382034302,"w":-0.6352416276931763},"size":16.41729164123535,"orthographic":false}