{"cameraMode":{"drawMode":0,"name":"Shaded","section":"Shading Mode"},"sceneLighting":false,"audioPlay":false,"sceneViewState":{"showFog":true,"showMaterialUpdate":false,"showSkybox":false,"showFlares":true,"showImageEffects":true,"showParticleSystems":true},"in2DMode":false,"pivot":{"x":-15.39372730255127,"y":0.033631324768066409,"z":-11.103903770446778},"rotation":{"x":0.07521677017211914,"y":-0.8841121792793274,"z":0.15299344062805177,"w":0.43530237674713137},"size":38.0954704284668,"orthographic":false}