{"cameraMode":{"drawMode":0,"name":"Shaded","section":"Shading Mode"},"sceneLighting":false,"audioPlay":false,"sceneViewState":{"showFog":true,"showMaterialUpdate":false,"showSkybox":false,"showFlares":true,"showImageEffects":true,"showParticleSystems":true},"in2DMode":false,"pivot":{"x":1.0497894287109376,"y":-4.153985023498535,"z":-1.8470052480697632},"rotation":{"x":0.38103386759757998,"y":0.5942773222923279,"z":-0.3777891993522644,"w":0.600581169128418},"size":20.873641967773439,"orthographic":false}