{"cameraMode":{"drawMode":0,"name":"Shaded","section":"Shading Mode"},"sceneLighting":false,"audioPlay":false,"sceneViewState":{"showFog":true,"showMaterialUpdate":false,"showSkybox":false,"showFlares":true,"showImageEffects":true,"showParticleSystems":true},"in2DMode":false,"pivot":{"x":-1.4622896909713746,"y":3.4406728744506838,"z":10.900059700012207},"rotation":{"x":0.26640310883522036,"y":-0.013128875754773617,"z":0.004506317898631096,"w":0.9648654460906982},"size":25.619760513305665,"orthographic":false}