{"cameraMode":{"drawMode":0,"name":"Shaded","section":"Shading Mode"},"sceneLighting":false,"audioPlay":false,"sceneViewState":{"showFog":true,"showMaterialUpdate":false,"showSkybox":false,"showFlares":true,"showImageEffects":true,"showParticleSystems":true},"in2DMode":false,"pivot":{"x":-1.6894044876098633,"y":6.394262313842773,"z":3.555746078491211},"rotation":{"x":0.15521788597106934,"y":0.8383955955505371,"z":-0.4215587079524994,"w":0.30869752168655398},"size":11.67775821685791,"orthographic":false}