{"cameraMode":{"drawMode":0,"name":"Shaded","section":"Shading Mode"},"sceneLighting":false,"audioPlay":false,"sceneViewState":{"showFog":true,"showMaterialUpdate":false,"showSkybox":false,"showFlares":true,"showImageEffects":true,"showParticleSystems":true},"in2DMode":false,"pivot":{"x":1.4592227935791016,"y":-14.746013641357422,"z":0.19316864013671876},"rotation":{"x":-0.24369221925735475,"y":0.3740730881690979,"z":-0.10115386545658112,"w":-0.8903332948684692},"size":97.64418029785156,"orthographic":false}