{"cameraMode":{"drawMode":0,"name":"Shaded","section":"Shading Mode"},"sceneLighting":false,"audioPlay":false,"sceneViewState":{"showFog":true,"showMaterialUpdate":false,"showSkybox":false,"showFlares":true,"showImageEffects":true,"showParticleSystems":true},"in2DMode":false,"pivot":{"x":-35.58797836303711,"y":-2.43243408203125,"z":17.674789428710939},"rotation":{"x":-0.3460964560508728,"y":0.5180421471595764,"z":-0.24092485010623933,"w":-0.7442236542701721},"size":51.25634002685547,"orthographic":false}