{"cameraMode":{"drawMode":0,"name":"Shaded","section":"Shading Mode"},"sceneLighting":false,"audioPlay":false,"sceneViewState":{"showFog":true,"showMaterialUpdate":false,"showSkybox":false,"showFlares":true,"showImageEffects":true,"showParticleSystems":true},"in2DMode":false,"pivot":{"x":-27.321762084960939,"y":20.92338752746582,"z":28.503414154052736},"rotation":{"x":0.6480003595352173,"y":0.006938741076737642,"z":-0.005472230724990368,"w":0.762028157711029},"size":65.99695587158203,"orthographic":false}