{"cameraMode":{"drawMode":0,"name":"Shaded","section":"Shading Mode"},"sceneLighting":false,"audioPlay":false,"sceneViewState":{"showFog":true,"showMaterialUpdate":false,"showSkybox":true,"showFlares":true,"showImageEffects":true,"showParticleSystems":true},"in2DMode":false,"pivot":{"x":171.38067626953126,"y":126.52798461914063,"z":-227.6666259765625},"rotation":{"x":-0.03478088229894638,"y":-0.009486100636422634,"z":0.008229158818721772,"w":-1.0008924007415772},"size":22.0,"orthographic":false}