{"cameraMode":{"drawMode":0,"name":"Shaded","section":"Shading Mode"},"sceneLighting":false,"audioPlay":false,"sceneViewState":{"showFog":true,"showMaterialUpdate":false,"showSkybox":false,"showFlares":true,"showImageEffects":true,"showParticleSystems":true},"in2DMode":false,"pivot":{"x":22.34385871887207,"y":1.919019103050232,"z":94.20000457763672},"rotation":{"x":-0.10525605827569962,"y":-0.8959510326385498,"z":0.2796976864337921,"w":-0.3302471339702606},"size":36.932003021240237,"orthographic":false}