{"cameraMode":{"drawMode":0,"name":"Shaded","section":"Shading Mode"},"sceneLighting":false,"audioPlay":false,"sceneViewState":{"showFog":true,"showMaterialUpdate":false,"showSkybox":false,"showFlares":true,"showImageEffects":true,"showParticleSystems":true},"in2DMode":false,"pivot":{"x":-1.3554363250732422,"y":3.319955825805664,"z":5.829297065734863},"rotation":{"x":0.22345402836799622,"y":0.666764497756958,"z":-0.21779285371303559,"w":0.6778143048286438},"size":27.36215591430664,"orthographic":false}