{"cameraMode":{"drawMode":0,"name":"Shaded","section":"Shading Mode"},"sceneLighting":true,"audioPlay":false,"sceneViewState":{"showFog":true,"showMaterialUpdate":true,"showSkybox":true,"showFlares":true,"showImageEffects":true,"showParticleSystems":true},"in2DMode":false,"pivot":{"x":0.8917990326881409,"y":-0.8713732361793518,"z":0.8202136158943176},"rotation":{"x":-0.14823362231254579,"y":-0.704161524772644,"z":0.15283456444740296,"w":-0.6777154803276062},"size":7.038023471832275,"orthographic":false}